step,eval_return
10000,113.43038835153725
20000,142.5282326624757
30000,211.15484222017935
