step,eval_return
10000,72.52953690160982
20000,307.001046430296
30000,-11.384286961398576
40000,4.222935901315594
