step,eval_return
10000,165.81127844770498
20000,162.90668031511075
30000,172.49414339926565
40000,225.7228275857091
50000,1017.1708971253416
60000,984.3430483027072
70000,1043.9687594378113
80000,1017.3493846638303
90000,707.1218804747259
100000,461.0452309671688
110000,1027.8188367143853
